source_id,stream,doi,year,title,authors,decision,reason_code,analysis_level,license,redistribution_status,query_stream,notes
B01-S01,S7,10.1016/j.petrol.2016.01.036,2016,"The novel approach for the enhancement of rheological properties of water-based drilling fluids by using multi-walled carbon nanotube, nanosilica and glass beads","Ismail, A.R.; Aftab, A.; Ibupoto, Z.H.; Zolkifile, N.",include,,abstract,unknown_elsevier,restricted,S7,s7_batch; machine_extracted
B01-S02,S7,10.1016/j.molliq.2024.125448,2024,Physico-chemical studies and development of water-based drilling fluid formulations with carbon nanotube additives,"Lysakova, E.I.; Skorobogatova, A.D.; Neverov, A.L.; Pryazhnikov, M.I.; Rudyak, V.Ya.; Minakov, A.V.",include,inaccessible_fulltext,metadata_only,unknown_elsevier,restricted,S7,s7_batch; machine_extracted
B01-S03,S7,10.1016/j.colsurfa.2023.132434,2023,Comparative analysis of the effect of single-walled and multi-walled carbon nanotube additives on the properties of hydrocarbon-based drilling fluids,"Lysakova, E.; Skorobogatova, A.; Neverov, A.; Pryazhnikov, M.; Zhigarev, V.; Voronin, A.; Shabanova, K.; Minakov, A.",include,inaccessible_fulltext,metadata_only,unknown_elsevier,restricted,S7,s7_batch; machine_extracted
B01-S04,S7,10.1007/s10853-024-09492-w,2024,A comprehensive study of the effect of multi-walled carbon nanotubes as an additive on the properties of oil-based drilling fluids,"Lysakova, E.I.; Skorobogatova, A.D.; Neverov, A.L.; Pryazhnikov, M.I.; Rudyak, V.Ya.; Minakov, A.V.",include,inaccessible_fulltext,metadata_only,unknown_springer,restricted,S7,s7_batch; machine_extracted
B01-S05,S7,10.3390/en16196875,2023,Effect of Nanoparticle and Carbon Nanotube Additives on Thermal Stability of Hydrocarbon-Based Drilling Fluids,"Lysakova, Evgeniya I.; Minakov, Andrey V.; Skorobogatova, Angelica D.",include,,oa_html_partial_read,cc-by-4.0,allowed,S7,s7_batch; machine_extracted
B01-S06,S7,10.1007/s13204-014-0359-5,2014,Thermal and rheological properties improvement of drilling fluids using functionalized carbon nanotubes,"Fazelabdolabadi, Babak; Khodadadi, Abbas Ali; Sedaghatzadeh, Mostafa",include,,abstract_plus_publisher_landing; pdf_not_copied,cc-by,allowed,S7,s7_batch; machine_extracted
B01-S07,S7,10.22050/ijogst.2012.2775,2012,An Improvement in Thermal and Rheological Properties of Water-based Drilling Fluids Using Multiwall Carbon Nanotube (MWCNT),"Sedaghatzadeh, Mostafa; Khodadadi, Abbasali; Tahmasebi birgani, Mohammad reza",include,,abstract,cc-by-4.0_journal_statement,allowed,S7,s7_batch; machine_extracted
B01-S08,S7,10.22078/jpst.2016.662,2016,Thermal and Rheological Properties Improvement of Oil-based Drilling Fluids Using Multi-walled Carbon Nanotubes (MWCNT),"Sedaghatzadeh, Mostafa; Fazel abdulabadi, Babak; Shahbazi, Khalil",include,,abstract,cc-by-4.0_journal_statement,allowed,S7,s7_batch; machine_extracted
B01-S09,S7,10.1115/omae2018-78702,2018,Effect of MWCNT and MWCNT Functionalized -OH and -COOH Nanoparticles in Laboratory Water Based Drilling Fluid,"Alvi, Muhammad Awais Ashfaq; Belayneh, Mesfin; Saasen, Arild; Fjelde, Kjell Kare; Aadnoy, Bernt S.",include,,abstract,unknown_asme,restricted,S7,s7_batch; machine_extracted
B01-S10,S7,10.1088/1757-899x/380/1/012021,2018,Application of nanomaterials to enhanced the lubricity and rheological properties of water based drilling fluid,"Ismail, A R; Rashid, M S A; Thameem, B",include,,abstract,cc-by-3.0,allowed,S7,s7_batch; machine_extracted
B01-S11,S7,10.1016/j.ejpe.2016.05.004,2017,"Enhancing the rheological properties and shale inhibition behavior of water-based mud using nanosilica, multi-walled carbon nanotube, and graphene nanoplatelet","Aftab, A.; Ismail, A.R.; Ibupoto, Z.H.",include,,abstract,cc-by-nc-nd,restricted,S7,s7_batch; machine_extracted
B01-S12,S7,10.11113/mjfas.v12n3.423,2017,The application of MWCNT to enhance the rheological behavior of drilling fluids at high temperature,"Ismail, Abdul Razak; Sulaiman, W. R. W; Jaafar, M. Z.; Aftab, A.; Razi, A. A.; Ibupoto, Z. H.",include,,abstract,unknown,unknown,S7,s7_batch; machine_extracted
B01-S13,S7,10.4028/www.scientific.net/msf.864.189,2016,Nanoparticles Performance as Fluid Loss Additives in Water Based Drilling Fluids,"Ismail, Abdul Razak; Wan Sulaiman, Wan Rosli; Jaafar, Mohd Zaidi; Ismail, Issham; Sabu Hera, Elisabet",include,,abstract,cc-by,allowed,S7,s7_batch; machine_extracted
B01-S14,S7,10.31699/ijcpe.2019.3.6,2019,Certain Assessment of Using MWCNT Nps in Drilling Fluid to Mitigate Stick-Slip Problem during Drilling Operation System,"Alssafar, Saifalden Y.; Al-Mahdawi, Faleh H. M.",include,,abstract,cc-by-nc,restricted,S7,s7_batch; machine_extracted
B01-S15,S7,10.3390/nano13142092,2023,Effect of Nanoparticles on Rheological Properties of Water-Based Drilling Fluid,"Lin, Yuan; Tian, Qizhong; Lin, Peiwen; Tan, Xinghui; Qin, Huaitao; Chen, Jiawang",include,,abstract,cc-by,allowed,S7,s7_batch; machine_extracted
B01-S16,S7,10.2118/225227-ms,2025,Novel Techniques to Control Fluid Loss by Optimizing Filter Cake Properties During Drilling Operations,"Abraham, J. J.; Kanjirakat, A.; Carvero, A.; Teodoriu, C.; Amani, M.; AlMujalhem, M.",include,,abstract,unknown_spe,restricted,S7,s7_batch; machine_extracted
B01-S17,S7,10.1021/acs.langmuir.5b03189,2015,Multiwalled Carbon Nanotubes at the Interface of Pickering Emulsions,"Briggs, Nicholas M.; Weston, Javen S.; Li, Brian; Venkataramani, Deepika; Aichele, Clint P.; Harwell, Jeffrey H.; Crossley, Steven P.",include,,abstract,unknown_acs,restricted,S7,s7_batch; machine_extracted
B01-S18,S7,,2025,Comparative analysis of the influence of various nano-additives on the characteristics of diesel fuel-based drilling fluids,"Lysakova, Evgeniya I.; Minakov, Andrey V.; Skorobogatova, Angelika D.; Pryazhnikov, Maxim I.",include,,oa_html_partial_read,unknown_verify_journal,unknown,S7,s7_batch; machine_extracted
B01-S19,S7,10.1007/s13202-019-0740-8,2019,Determining the optimum concentration of multiwalled carbon nanotubes as filtrate loss additive in field-applicable mud systems,"Okoro, Emeka E.; Zuokumor, Anita A.; Okafor, Ikechukwu S.; Igwilo, Kevin C.; Orodu, Kale B.",include,,abstract,unknown_verify_oa,unknown,S7,s7_batch; machine_extracted
B01-S20,S7,10.1149/2162-8777/abbb9f,2020,Novel Research on CuONPs/MWCNTs Effect on the Properties of Na-Bentonite Water Based Drilling Muds with Experimental Study,"Ozkan, Abdullah; Ozkan, Vildan",include,,abstract,unknown,unknown,S7,s7_batch; machine_extracted
B01-S21,S7,10.1080/10916466.2022.2048014,2022,Characterization of nano based drilling fluid for shale swelling inhibition,"Abbas, Muhammad Adeem; Zamir, Asif; Elraies, Khaled Abdalla; Mahmood, Syed Mohammad; Aslfattahi, Navid; Saidur, R.; Ahmad, Maqsood; Rasool, Muhammad Hammad",include,,abstract,unknown_tandf,restricted,S7,s7_batch; machine_extracted
B01-S22,S7,10.1016/j.colsurfa.2017.10.010,2018,Stable pickering emulsions using multi-walled carbon nanotubes of varying wettability,"Briggs, Nicholas; Raman, Ashwin Kumar Yegya; Barrett, Lawrence; Brown, Chase; Li, Brian; Leavitt, Devlin; Aichele, Clint P.; Crossley, Steven",include,inaccessible_fulltext,metadata_only,unknown_elsevier,restricted,S7,s7_batch; machine_extracted
B01-S23,S7,10.1016/j.jngse.2019.103082,2020,Improving the stability of multi-walled carbon nano-tubes in extremely environments: Applications as nano-plugging additives in drilling fluids,"Ma, Lan; Luo, Pingya; He, Yi; Zhang, Liyun; Fan, Yi; Jiang, Zhenju",maybe,inaccessible_fulltext,metadata_only,unknown_elsevier,restricted,S7,s7_batch; machine_extracted
B01-S24,S7,10.1016/j.petrol.2019.106257,2019,"A comprehensive empirical, analytical and tomographic investigation on rheology and formation damage behavior of a novel nano-modified invert emulsion drilling fluid","Hajiabadi, Seyed Hasan; Aghaei, Hamed; Kalateh-Aghamohammadi, Mina; Sanati, Ali; Kazemi-Beydokhti, Amin; Esmaeilzadeh, Feridun",maybe,inaccessible_fulltext,metadata_only,unknown_elsevier,restricted,S7,s7_batch; machine_extracted
B01-S25,S7,10.1016/j.colsurfa.2018.07.058,2018,Rheological investigation of smart polymer/carbon nanotube complex on properties of water-based drilling fluids,"Kazemi-Beydokhti, Amin; Hajiabadi, Seyed Hasan",maybe,inaccessible_fulltext,metadata_only,unknown_elsevier,restricted,S7,s7_batch; machine_extracted
B01-S26,S7,10.1016/j.powtec.2018.10.016,2019,Rheology of a colloidal suspension of carbon nanotube particles in a water-based drilling fluid,"Anoop, Kanjirakat; Sadr, Reza; Yrac, Rommel; Amani, Mahmood",maybe,inaccessible_fulltext,metadata_only,unknown_elsevier,restricted,S7,s7_batch; machine_extracted
B01-S27,S7,10.1016/j.petrol.2020.107006,2020,Experimental evaluation of nanomaterials to improve drilling fluid properties of water-based muds HP/HT applications,"Sajjadian, Majid; Sajjadian, Vali Ahmad; Rashidi, Alimorad",maybe,insufficient_metadata,metadata_only,unknown_elsevier,restricted,S7,s7_batch; machine_extracted
B01-S28,S7,10.1021/acsomega.4c04177,2024,Application of Hydrothermal Synthesized Titanium Dioxide-Doped Multiwalled Carbon Nanotubes on Filtration Properties-Response Surface Methodology Study,"Khan, Muhammad Arqam; Lalji, Shaine Mohammadali; Ali, Syed Imran; Li, Mei-Chun; Burney, Muneeb",maybe,other,abstract,cc-by-nc-nd,restricted,S7,s7_batch; machine_extracted
B01-S29,S7,10.1063/1.5124631,2019,Multiwalled carbon nanotubes and graphene oxide as nano-additives in water-based drilling fluid for enhanced fluid-loss-control & gel strength,"Mohideen, Abdul Azeem Mohamed; Saheed, Mohamed Shuaib Mohamed; Mohamed, Norani Muti",maybe,,abstract,unknown_aip,restricted,S7,s7_batch; machine_extracted
B01-S30,S7,10.1016/j.jssc.2016.10.017,2017,Preference of multi-walled carbon nanotube (MWCNT) to single-walled carbon nanotube (SWCNT) and activated carbon for preparing silica nanohybrid pickering emulsion for chemical enhanced oil recovery (C-EOR),"AfzaliTabar, M.; Alaei, M.; Ranjineh Khojasteh, R.; Motiee, F.; Rashidi, A.M.",maybe,wrong_application,metadata_only,unknown_elsevier,restricted,S7,s7_batch; machine_extracted
B01-S31,S7,10.1016/j.petrol.2020.107118,2020,A state-of-the-art review of the application of nanotechnology in the oil and gas industry with a focus on drilling engineering,"Ali, Jagar A.; Kalhury, Abdullah M.; Sabir, Ayub N.; Ahmed, Rawezh N.; Ali, Nali H.; Abdullah, Abdullah D.",exclude,review_for_discovery_only,metadata_only,unknown_elsevier,restricted,S7,s7_batch; machine_extracted
B01-S32,S7,10.1016/j.applthermaleng.2016.07.017,2016,Investigation of thermal conductivity of multi walled carbon nanotube dispersed in hydrogenated oil based drilling fluids,"Chai, Yee Ho; Yusup, Suzana; Chok, Vui Soon; Arpin, Mohamad Taufiq; Irawan, Sonny",exclude,wrong_property,metadata_only,unknown_elsevier,restricted,S7,s7_batch; machine_extracted
B01-S33,S7,10.1016/j.tca.2014.01.004,2014,Investigating the rheological properties of nanofluids of water/hybrid nanostructure of spherical silica/MWCNT,"Baghbanzadeh, Mohammadali; Rashidi, Alimorad; Soleimanisalim, Amir Hassan; Rashtchian, Davood",exclude,wrong_application,metadata_only,unknown_elsevier,restricted,S7,s7_batch; machine_extracted
B01-S34,S7,10.1016/j.ejpe.2015.09.004,2016,High performance nature of biodegradable polymeric nanocomposites for oil-well drilling fluids,"Madkour, Tarek M.; Fadl, Samar; Dardir, M.M.; Mekewi, Mohamed A.",exclude,wrong_application,abstract,cc-by-nc-nd,restricted,S7,s7_batch; machine_extracted
B01-S35,S7,10.1016/j.ejpe.2015.10.008,2016,Comparative study of using Water-Based mud containing Multiwall Carbon Nanotubes versus Oil-Based mud in HPHT fields,"Abduo, M.I.; Dahab, A.S.; Abuseda, Hesham; AbdulAziz, Abdulaziz M.; Elhossieny, M.S.",exclude,insufficient_metadata,abstract,cc-by-nc-nd,restricted,S7,s7_batch; machine_extracted
B01-S36,S7,10.1021/nn900493u,2009,Multicomponent Solubility Parameters for Single-Walled Carbon Nanotube-Solvent Mixtures,"Bergin, Shane D.; Sun, Zhenyu; Rickard, David; Streich, Philip V.; Hamilton, James P.; Coleman, Jonathan N.",exclude,wrong_application,abstract,unknown_acs,restricted,S7,s7_batch; machine_extracted
B01-S37,S7,10.30492/ijcce.2018.28219,2018,Surface Modification of Carbon Nanotubes as a Key Factor on Rheological Characteristics of Water-Based Drilling Muds,unknown_from_openalex_only,maybe,insufficient_metadata,abstract_openalex,unknown,unknown,S7,s7_batch; machine_extracted
B01-S38,S7,10.1149/2162-8777/ac202b,2021,Experimental Investigation of MWCNTs Decorated with ZnO Nanoparticles as a Novel Additive in Conventional Water-based Drilling Mud,"Ozkan, Abdullah; Asker, Nilay Hayriye; Ozkan, Vildan",exclude,other,abstract,unknown,restricted,S7,s7_batch; machine_extracted
B01-S39,S7,10.2174/1874834101811010029,2018,Analyzing Effects of Multi-Wall Carbon Nanotubes (MWCNT) & Polyethylene Glycol (PEG) on Performance of Water Base Mud (WBM) in Shale Formation,"Tookalloo, Koorosh; Heidarian, Javad; Soleymani, Mohammad; Rashidi, Alimorad; Nazarisaram, Mahdi",include,,abstract,cc-by,allowed,S7,s7_batch; machine_extracted
B01-S40,S7,10.31699/ijcpe.2018.2.4,2018,Enhancement of Drilling Fluid Properties Using Nanoparticles,"Al-Mahdawi, Faleh H. M.; Saad, Karrar",exclude,insufficient_metadata,abstract,cc-by-nc,restricted,S7,s7_batch; machine_extracted
B01-S41,S7,10.1007/s11696-024-03396-4,2024,"Mitigating Paleocene age Ranikot shale formation swelling characteristics using carbon supported anatase-titanium dioxide (MWCNT/TiO2, GO/TiO2 and AC/TiO2) nanomaterial water-based mud-chemical and rock interaction study","Lalji, Shaine Mohammadali; Haneef, Javed; Hashmi, Saud",exclude,wrong_property,metadata_only,unknown_springer,restricted,S7,s7_batch; machine_extracted
B01-S42,S7,10.1007/s11696-023-02976-0,2023,Experimental and statistical analysis of MWCNT hybrid nanofluid-based multi-functional drilling fluid,"Malika, Manjakuppam; Pargaonkar, Aaditi; Sonawane, Shriram S.",exclude,insufficient_metadata,metadata_only,unknown_springer,restricted,S7,s7_batch; machine_extracted
B01-S43,S7,10.1016/j.upstre.2022.100066,2022,Experimental analysis of improving water-based drilling fluid properties by using nanoparticles and poly (AN-co-VP)/zeolite composite,"Sajjadian, Majid; Sajjadian, Vali Ahmad; Motlagh, Ehsan Esmaeilpour",exclude,wrong_application,metadata_only,unknown_elsevier,restricted,S7,s7_batch; machine_extracted
W37-A001,S6,10.1016/s0006-3495(97)78845-3,1997,"Molecular dynamics simulations of a fluid bilayer of dipalmitoylphosphatidylcholine at full hydration, constant pressure, and constant temperature",Oliver Berger; Olle Edholm; Fritz Jähnig,exclude,wrong_application,metadata,,unknown,S6,openalex_filtered; lipid bilayer not InterFaceDB target
W37-A002,S6,10.1371/journal.pone.0000880,2007,Automated Builder and Database of Protein/Membrane Complexes for Molecular Dynamics Simulations,Sunhwan Jo; Taehoon Kim; Wonpil Im,exclude,wrong_application,abstract,cc-by,unknown,S6,openalex_filtered; protein/membrane MD not InterFaceDB target
W37-A003,S4,10.2118/13932-pa,1986,Wettability Literature Survey- Part 1: Rock/Oil/Brine Interactions and the Effects of Core Handling on Wettability,William G. Anderson,include,,abstract,,unknown,S4,openalex_filtered; machine_extracted
W37-A004,S4,10.2118/21621-pa,1990,Wettability and Its Effect on Oil Recovery,Norman R. Morrow,include,,abstract,,unknown,S4,openalex_filtered; machine_extracted
W37-A005,S3,10.1016/s0001-8686(99)00017-2,2000,Dynamic surface tension and adsorption mechanisms of surfactants at the air–water interface,Julian Eastoe; James S. Dalton,include,,metadata,,unknown,S3,openalex_filtered; machine_extracted
W37-A006,S6,10.1063/1.469505,1995,Molecular dynamics simulation of the orthobaric densities and surface tension of water,José Alejandre; Dominic J. Tildesley; Gustavo A. Chapela,include,,abstract,,unknown,S6,openalex_filtered; machine_extracted
W37-A007,S4,10.2118/1167-g,1959,Observations Relating to the Wettability of Porous Rock,Earl Amott,include,,abstract,,unknown,S4,openalex_filtered; machine_extracted
W37-A008,S6,10.3390/pr9010071,2020,Molecular Dynamics Simulations in Drug Discovery and Pharmaceutical Development,Outi M. H. Salo‐Ahen; Ida Alanko; Rajendra Bhadane; Alexandre M. J. J. Bonvin; Rodrigo V. Honorato; Shakhawath Hossain; André H. Juffer; Aleksei Kabedev,exclude,wrong_application,abstract,cc-by,unknown,S6,openalex_filtered; machine_extracted
W37-A009,S2,10.1021/acs.energyfuels.7b00353,2017,"Review on Surfactant Flooding: Phase Behavior, Retention, IFT, and Field Applications",Muhammad Shahzad Kamal; Ibnelwaleed A. Hussein; Abdullah S. Sultan,maybe,review_for_discovery_only,abstract,,unknown,S2,openalex_filtered; machine_extracted
W37-A010,S6,10.1063/1.473820,1997,"Molecular dynamics study of water clusters, liquid, and liquid–vapor interface of water with many-body potentials",Liem X. Dang; Tsun-Mei Chang,include,,abstract,,unknown,S6,openalex_filtered; machine_extracted
W37-A011,S4,10.1002/2014wr015553,2014,CO 2 wettability of seal and reservoir rocks and the implications for carbon geo-sequestration,Stefan Iglauer; Christopher H. Pentland; Andreas Busch,include,,abstract,,unknown,S4,openalex_filtered; machine_extracted
W37-A012,S4,10.2118/17367-pa,1991,Wettability: Fundamentals and Surface Forces,G. J. Hirasakl,include,,abstract,,unknown,S4,openalex_filtered; machine_extracted
W37-A013,S2,10.1021/acsami.9b22189,2020,Brine-Oil Interfacial Tension Modeling: Assessment of Machine Learning Techniques Combined with Molecular Dynamics,Kirch; Celaschi; Almeida; Miranda,include,,abstract,unknown_acs,restricted,S2,seed SRC0007; MD+ML IFT; random-row accuracy insufficient novelty
W37-A014,S5,10.1021/acs.iecr.2c04561,2023,FeOs: An Open-Source Framework for Equations of State and Classical Density Functional Theory,open FeOs authors,include,,metadata,open_source_verify,allowed,S5,seed SRC0021; physical baseline software
W37-A015,S1,10.1351/pac200678030541,2006,ThermoML IUPAC Recommendations 2006,Frenkel et al.,include,,pdf_extracted_first_pages,public-domain_unpaywall,allowed,S1,seed SRC0026; local PDF W37-P001
W37-A016,S1,10.5281/zenodo.21118257,2026,DST-SurfDB Dynamic Surface Tension Database of Surfactants,DST-SurfDB,include,,metadata_dataset,cc_by_4_0,allowed,S3,seed SRC0005; 979 series; not a journal article
W37-A017,S2,10.2118/7054-pa,1979,Optimum Formulation of Surfactant/Water/Oil Systems for Minimum Interfacial Tension or Phase Behavior,Salager; Morgan; Schechter; Wade; Vasquez,include,,abstract,,unknown,S2,openalex_filtered; foundational IFT optimum
W37-A018,S3,10.1016/s0001-8686(99)00017-2,2000,Dynamic surface tension and adsorption mechanisms of surfactants at the air-water interface,Eastoe; Dalton,include,,metadata,,unknown,S3,duplicate_of_A005_check; keep one if duplicate

